word,count,
ace,3,
ant,3,
arm,3,
ash,3,
axe,3,
bad,3,
bag,3,
bar,3,
bat,3,
bed,3,
bee,3,
BMW,3,
BMX,3,
bow,3,
box,3,
boy,3,
bus,3,
can,3,
cap,3,
cat,3,
cow,3,
cup,3,
cut,3,
day,3,
dew,3,
die,3,
dig,3,
DNA,3,
dog,3,
ear,3,
eat,3,
eel,3,
egg,3,
emu,3,
end,3,
eye,3,
flu,3,
fly,3,
fog,3,
fox,3,
fur,3,
gas,3,
gem,3,
God,3,
Gru,3,
ham,3,
hat,3,
hen,3,
hop,3,
hot,3,
hug,3,
hut,3,
ice,3,
ivy,3,
jaw,3,
keg,3,
key,3,
KFC,3,
lap,3,
lid,3,
log,3,
low,3,
map,3,
mop,3,
MTV,3,
mud,3,
mug,3,
nun,3,
nut,3,
oar,3,
oil,3,
old,3,
owl,3,
pan,3,
paw,3,
pie,3,
pig,3,
pin,3,
pot,3,
pro,3,
pub,3,
ram,3,
rat,3,
red,3,
rib,3,
rug,3,
run,3,
sad,3,
sea,3,
sew,3,
shy,3,
sit,3,
ski,3,
sky,3,
son,3,
spy,3,
sun,3,
tea,3,
tie,3,
tip,3,
toe,3,
toy,3,
tug,3,
UFO,3,
USB,3,
wax,3,
web,3,
wig,3,
zoo,3,
gru,3,
ivy,3,
ABBA,4,
acid,4,
acne,4,
afro,4,
arch,4,
Asia,4,
atom,4,
Audi,4,
baby,4,
bait,4,
bald,4,
ball,4,
bank,4,
bark,4,
barn,4,
base,4,
beak,4,
bean,4,
bear,4,
beef,4,
beer,4,
beet,4,
bell,4,
belt,4,
bill,4,
bird,4,
bite,4,
blue,4,
boar,4,
boat,4,
boil,4,
bomb,4,
book,4,
bowl,4,
bull,4,
burp,4,
cage,4,
cake,4,
cape,4,
cash,4,
cast,4,
cave,4,
cell,4,
chef,4,
chew,4,
chin,4,
clap,4,
claw,4,
clay,4,
coal,4,
coat,4,
coin,4,
cola,4,
cold,4,
comb,4,
cone,4,
copy,4,
cord,4,
cork,4,
corn,4,
crab,4,
crow,4,
Cuba,4,
cube,4,
cute,4,
dead,4,
deaf,4,
deep,4,
deer,4,
dent,4,
derp,4,
desk,4,
dice,4,
diet,4,
diva,4,
dock,4,
doll,4,
dome,4,
door,4,
Dora,4,
dots,4,
drip,4,
drum,4,
duck,4,
duel,4,
east,4,
echo,4,
Elmo,4,
Elsa,4,
exam,4,
face,4,
fall,4,
farm,4,
fast,4,
fern,4,
Finn,4,
fish,4,
fizz,4,
flag,4,
flea,4,
foil,4,
food,4,
fork,4,
fort,4,
frog,4,
full,4,
gang,4,
gasp,4,
gate,4,
germ,4,
gift,4,
girl,4,
glow,4,
glue,4,
goal,4,
goat,4,
gold,4,
golf,4,
good,4,
grid,4,
grin,4,
hair,4,
half,4,
halo,4,
hand,4,
hard,4,
harp,4,
head,4,
heat,4,
heel,4,
hell,4,
hero,4,
hill,4,
hive,4,
hoof,4,
hook,4,
horn,4,
hose,4,
Hulk,4,
hurt,4,
idea,4,
Ikea,4,
iPad,4,
iron,4,
jail,4,
JayZ,4,
jazz,4,
jeep,4,
king,4,
kiss,4,
kite,4,
kiwi,4,
knee,4,
knot,4,
lady,4,
lake,4,
lamb,4,
lamp,4,
lane,4,
lava,4,
leaf,4,
leak,4,
Lego,4,
legs,4,
lens,4,
lily,4,
lime,4,
line,4,
link,4,
lion,4,
lips,4,
loaf,4,
lock,4,
logo,4,
loot,4,
love,4,
luck,4,
lung,4,
lynx,4,
maid,4,
mall,4,
Mars,4,
mask,4,
maze,4,
meal,4,
meat,4,
melt,4,
meme,4,
milk,4,
mime,4,
mint,4,
mold,4,
mole,4,
monk,4,
moon,4,
moss,4,
moth,4,
nail,4,
Nasa,4,
navy,4,
neck,4,
Nemo,4,
nerd,4,
nest,4,
Nike,4,
noob,4,
nose,4,
nuke,4,
Olaf,4,
open,4,
orca,4,
Oreo,4,
oval,4,
page,4,
pain,4,
palm,4,
park,4,
path,4,
pear,4,
peas,4,
pike,4,
pill,4,
pine,4,
pink,4,
pipe,4,
plow,4,
plug,4,
poke,4,
polo,4,
pond,4,
pony,4,
poop,4,
poor,4,
pope,4,
pray,4,
puma,4,
punk,4,
race,4,
raft,4,
rail,4,
rain,4,
rake,4,
ramp,4,
read,4,
rest,4,
rice,4,
Rick,4,
ring,4,
risk,4,
rock,4,
roll,4,
Rome,4,
roof,4,
room,4,
root,4,
rose,4,
ruby,4,
rune,4,
safe,4,
sale,4,
salt,4,
sand,4,
scar,4,
seal,4,
seed,4,
shoe,4,
shop,4,
sick,4,
silo,4,
sing,4,
sink,4,
skin,4,
slam,4,
slow,4,
snow,4,
soap,4,
soda,4,
soil,4,
soup,4,
spin,4,
spit,4,
stab,4,
star,4,
step,4,
swag,4,
swan,4,
taco,4,
tail,4,
tank,4,
tape,4,
taxi,4,
tear,4,
tent,4,
text,4,
thin,4,
Thor,4,
thug,4,
tiny,4,
tire,4,
toad,4,
tomb,4,
trap,4,
tree,4,
tuba,4,
tuna,4,
turd,4,
twig,4,
type,4,
undo,4,
vein,4,
vent,4,
vine,4,
vise,4,
vote,4,
walk,4,
wall,4,
warm,4,
wart,4,
wasp,4,
wave,4,
weak,4,
well,4,
west,4,
wife,4,
wind,4,
wine,4,
wing,4,
wire,4,
wolf,4,
wool,4,
work,4,
worm,4,
Xbox,4,
yawn,4,
yeti,4,
Yoda,4,
yolk,4,
Zeus,4,
zoom,4,
Zuma,4,
ABBA,4,
acid,4,
bull,4,4
farm,4,
nose,4,
pain,4,
reed,4,
rice,4,
worm,4,
zuma,4,
abyss,5,
AC/DC,5,
acorn,5,
actor,5,
adult,5,
alarm,5,
alien,5,
alley,5,
angel,5,
angry,5,
anime,5,
anvil,5,
Apple,5,
armor,5,
arrow,5,
attic,5,
bacon,5,
bagel,5,
Bambi,5,
banjo,5,
beach,5,
belly,5,
below,5,
bench,5,
Bible,5,
bingo,5,
birch,5,
black,5,
blimp,5,
blind,5,
blood,5,
blush,5,
board,5,
boots,5,
brain,5,
brand,5,
bread,5,
brick,5,
bride,5,
broom,5,
brush,5,
bulge,5,
bunny,5,
cabin,5,
camel,5,
cello,5,
chain,5,
chair,5,
chalk,5,
cheek,5,
chess,5,
chest,5,
child,5,
chime,5,
China,5,
clean,5,
cliff,5,
climb,5,
cloak,5,
clock,5,
cloth,5,
cloud,5,
clown,5,
coach,5,
coast,5,
cobra,5,
comet,5,
coral,5,
crack,5,
crate,5,
cream,5,
crust,5,
Cupid,5,
curry,5,
daisy,5,
dance,5,
darts,5,
demon,5,
dirty,5,
dizzy,5,
dough,5,
drain,5,
drama,5,
dream,5,
dress,5,
drink,5,
drive,5,
drool,5,
Dumbo,5,
dwarf,5,
eagle,5,
Earth,5,
Egypt,5,
elbow,5,
elder,5,
emoji,5,
error,5,
fairy,5,
Fanta,5,
fence,5,
field,5,
Flash,5,
flask,5,
flock,5,
fluid,5,
flush,5,
flute,5,
frame,5,
fries,5,
frown,5,
fruit,5,
funny,5,
genie,5,
ghost,5,
giant,5,
glass,5,
globe,5,
gloss,5,
glove,5,
gnome,5,
Goofy,5,
goose,5,
graph,5,
grass,5,
grave,5,
greed,5,
grill,5,
groom,5,
gummy,5,
hairy,5,
happy,5,
heart,5,
heist,5,
hippo,5,
honey,5,
horse,5,
hotel,5,
house,5,
hyena,5,
India,5,
Intel,5,
Italy,5,
Japan,5,
jeans,5,
jello,5,
jelly,5,
Jenga,5,
joker,5,
judge,5,
juice,5,
kazoo,5,
kebab,5,
Kirby,5,
kneel,5,
knife,5,
koala,5,
label,5,
laser,5,
lasso,5,
leash,5,
leave,5,
leech,5,
lemon,5,
lemur,5,
limbo,5,
llama,5,
loser,5,
Luigi,5,
macho,5,
mafia,5,
magic,5,
magma,5,
Mario,5,
match,5,
mayor,5,
melon,5,
messy,5,
metal,5,
miner,5,
model,5,
money,5,
moose,5,
Morty,5,
mouse,5,
mouth,5,
movie,5,
Mummy,5,
night,5,
ninja,5,
north,5,
Notch,5,
novel,5,
nurse,5,
ocean,5,
onion,5,
opera,5,
orbit,5,
organ,5,
otter,5,
paint,5,
panda,5,
pants,5,
paper,5,
Paris,5,
party,5,
pasta,5,
patio,5,
pause,5,
peace,5,
peach,5,
pedal,5,
penny,5,
Pepsi,5,
petal,5,
piano,5,
pilot,5,
pinky,5,
pizza,5,
plank,5,
plate,5,
Pluto,5,
point,5,
poppy,5,
porch,5,
pound,5,
prawn,5,
prism,5,
prune,5,
Pumba,5,
purse,5,
queen,5,
queue,5,
quill,5,
quilt,5,
radar,5,
radio,5,
razor,5,
reeds,5,
river,5,
robin,5,
robot,5,
royal,5,
ruler,5,
salad,5,
Santa,5,
sauce,5,
sauna,5,
scarf,5,
scary,5,
scent,5,
scoop,5,
score,5,
screw,5,
scuba,5,
shake,5,
shape,5,
shark,5,
sheep,5,
shelf,5,
shell,5,
shirt,5,
shock,5,
short,5,
shout,5,
Shrek,5,
shrew,5,
shrub,5,
skull,5,
skunk,5,
Skype,5,
sleep,5,
slide,5,
slime,5,
slope,5,
sloth,5,
slump,5,
smell,5,
smile,5,
smoke,5,
snail,5,
snake,5,
socks,5,
Sonic,5,
sound,5,
south,5,
space,5,
spade,5,
Spain,5,
spark,5,
spear,5,
spine,5,
spool,5,
spoon,5,
spore,5,
squid,5,
stage,5,
stamp,5,
stand,5,
Steam,5,
sting,5,
stone,5,
stork,5,
storm,5,
stove,5,
straw,5,
study,5,
sugar,5,
sushi,5,
swamp,5,
swarm,5,
sweat,5,
swing,5,
sword,5,
table,5,
Tails,5,
taser,5,
thief,5,
think,5,
thumb,5,
tiger,5,
tired,5,
toast,5,
tooth,5,
torch,5,
totem,5,
touch,5,
towel,5,
tower,5,
train,5,
trend,5,
T-rex,5,
truck,5,
tumor,5,
udder,5,
uncle,5,
vault,5,
Venus,5,
video,5,
viola,5,
virus,5,
vodka,5,
vomit,5,
waist,5,
watch,5,
water,5,
whale,5,
wheel,5,
whisk,5,
white,5,
witch,5,
W-LAN,5,
world,5,
wound,5,
wrist,5,
Xerox,5,
x-ray,5,
yacht,5,
Yoshi,5,
young,5,
yo-yo,5,
zebra,5,
Zelda,5,
Zorro,5,
nurse,5,
pound,5,
space,5,
squid,5,
trend,5,
action,6,
Adidas,6,
Africa,6,
airbag,6,
almond,6,
alpaca,6,
anchor,6,
Anubis,6,
archer,6,
armpit,6,
baboon,6,
badger,6,
bakery,6,
ballet,6,
bamboo,6,
banana,6,
banker,6,
barber,6,
barrel,6,
basket,6,
Batman,6,
battle,6,
beanie,6,
beaver,6,
beetle,6,
bellow,6,
betray,6,
bleach,6,
booger,6,
border,6,
bottle,6,
bounce,6,
braces,6,
branch,6,
Brazil,6,
breath,6,
bridge,6,
bronze,6,
bruise,6,
bubble,6,
bucket,6,
bullet,6,
bumper,6,
butler,6,
butter,6,
button,6,
cactus,6,
camera,6,
Canada,6,
canary,6,
candle,6,
cannon,6,
canyon,6,
carpet,6,
carrot,6,
casino,6,
caviar,6,
cement,6,
cheeks,6,
cheese,6,
cherry,6,
Chrome,6,
church,6,
cicada,6,
cinema,6,
circle,6,
circus,6,
clover,6,
cocoon,6,
coffee,6,
coffin,6,
collar,6,
comedy,6,
cookie,6,
copper,6,
corner,6,
corpse,6,
cotton,6,
cousin,6,
cowboy,6,
coyote,6,
crayon,6,
credit,6,
cringe,6,
cruise,6,
cuckoo,6,
cyborg,6,
cymbal,6,
dagger,6,
Darwin,6,
desert,6,
Dexter,6,
diaper,6,
dinner,6,
doctor,6,
dollar,6,
donkey,6,
double,6,
dragon,6,
drawer,6,
driver,6,
earwax,6,
Easter,6,
embers,6,
Eminem,6,
engine,6,
eraser,6,
eskimo,6,
Europe,6,
fabric,6,
facade,6,
family,6,
farmer,6,
father,6,
faucet,6,
filter,6,
finger,6,
flower,6,
folder,6,
forest,6,
fossil,6,
France,6,
fridge,6,
galaxy,6,
Gandhi,6,
garage,6,
garden,6,
garlic,6,
gender,6,
gentle,6,
geyser,6,
goatee,6,
goblin,6,
Google,6,
grapes,6,
gravel,6,
Greece,6,
Grinch,6,
grumpy,6,
guitar,6,
hacker,6,
hammer,6,
handle,6,
hanger,6,
harbor,6,
Hawaii,6,
hazard,6,
health,6,
helmet,6,
hermit,6,
hippie,6,
hobbit,6,
hockey,6,
hunger,6,
hunter,6,
hurdle,6,
icicle,6,
impact,6,
insect,6,
inside,6,
iPhone,6,
island,6,
Israel,6,
jacket,6,
jaguar,6,
jester,6,
juggle,6,
jungle,6,
karate,6,
katana,6,
Kermit,6,
kettle,6,
kidney,6,
kitten,6,
knight,6,
kraken,6,
ladder,6,
laptop,6,
lawyer,6,
leader,6,
lizard,6,
London,6,
lotion,6,
lounge,6,
lyrics,6,
magnet,6,
makeup,6,
mantis,6,
marble,6,
market,6,
marmot,6,
mascot,6,
Medusa,6,
Mexico,6,
Minion,6,
minute,6,
mirror,6,
mohawk,6,
Monday,6,
monkey,6,
mother,6,
Mozart,6,
muffin,6,
muscle,6,
museum,6,
musket,6,
nachos,6,
napkin,6,
NASCAR,6,
nature,6,
needle,6,
nickel,6,
noodle,6,
Norway,6,
nugget,6,
nutmeg,6,
Obelix,6,
office,6,
omelet,6,
orange,6,
orchid,6,
oxygen,6,
oyster,6,
paddle,6,
palace,6,
papaya,6,
parade,6,
parrot,6,
pastry,6,
Paypal,6,
peanut,6,
pencil,6,
pepper,6,
person,6,
pickle,6,
picnic,6,
pigeon,6,
pigsty,6,
pillar,6,
pillow,6,
pimple,6,
pirate,6,
pistol,6,
plague,6,
planet,6,
player,6,
pocket,6,
poison,6,
poodle,6,
Popeye,6,
portal,6,
poster,6,
potato,6,
potion,6,
powder,6,
preach,6,
priest,6,
prince,6,
prison,6,
puddle,6,
puffin,6,
puppet,6,
purity,6,
puzzle,6,
quokka,6,
radish,6,
raisin,6,
rapper,6,
record,6,
Reddit,6,
remote,6,
repeat,6,
retail,6,
rewind,6,
ribbon,6,
robber,6,
rocket,6,
rubber,6,
Russia,6,
saddle,6,
safari,6,
saliva,6,
salmon,6,
Saturn,6,
school,6,
scream,6,
screen,6,
scythe,6,
search,6,
season,6,
second,6,
seesaw,6,
Segway,6,
sensei,6,
server,6,
shadow,6,
shovel,6,
shower,6,
silver,6,
skates,6,
skinny,6,
sledge,6,
sleeve,6,
Slinky,6,
sneeze,6,
sniper,6,
soccer,6,
socket,6,
sphinx,6,
spider,6,
spiral,6,
sponge,6,
sports,6,
spring,6,
square,6,
statue,6,
stereo,6,
stoned,6,
street,6,
stress,6,
strong,6,
studio,6,
stylus,6,
subway,6,
Sudoku,6,
summer,6,
switch,6,
tablet,6,
tailor,6,
tampon,6,
target,6,
Tarzan,6,
tattoo,6,
teapot,6,
tennis,6,
Tetris,6,
thirst,6,
throat,6,
throne,6,
ticket,6,
tickle,6,
tissue,6,
toilet,6,
tomato,6,
tongue,6,
toucan,6,
tripod,6,
trophy,6,
tunnel,6,
turkey,6,
turnip,6,
turtle,6,
tuxedo,6,
Tweety,6,
Uranus,6,
vacuum,6,
valley,6,
vanish,6,
victim,6,
violin,6,
vision,6,
volume,6,
voodoo,6,
vortex,6,
waffle,6,
waiter,6,
Wall-e,6,
walnut,6,
walrus,6,
wealth,6,
weapon,6,
weasel,6,
welder,6,
wiggle,6,
willow,6,
window,6,
winner,6,
winter,6,
wizard,6,
wreath,6,
wrench,6,
writer,6,
yellow,6,
yogurt,6,
zigzag,6,
zipper,6,
zombie,6,
Addida,6,
gentle,6,
Grinch,6,
repeat,6,
Tarzan,6,
